City_ID,City,Country,Lat,Lng,Max Temp,Humidity,Cloudiness,Wind Speed,Current Description
0,Ushuaia,AR,-54.8,-68.3,42.46,93,75,4.61,broken clouds
1,Mar Del Plata,AR,-38.0023,-57.5575,71.1,85,20,3.0,few clouds
2,Alto Araguaia,BR,-17.3147,-53.2153,67.95,98,100,7.16,overcast clouds
3,Inirida,CO,3.8653,-67.9239,70.2,63,36,2.75,scattered clouds
4,Pithora,IN,21.2667,82.5167,74.07,19,1,6.06,clear sky
5,Port Elizabeth,ZA,-33.918,25.5701,70.11,72,11,4.32,few clouds
6,Nicoya,CR,10.1483,-85.452,78.35,77,9,6.82,clear sky
7,Itarema,BR,-2.9248,-39.9167,75.09,87,98,7.23,light rain
8,Hithadhoo,MV,-0.6,73.0833,81.54,67,75,4.12,broken clouds
9,Cayenne,GF,4.9333,-52.3333,78.1,87,40,3.0,scattered clouds
10,Jamestown,US,42.097,-79.2353,6.39,51,0,8.05,clear sky
11,Bakel,SN,14.905,-12.4568,75.45,16,32,9.69,scattered clouds
12,Busselton,AU,-33.65,115.3333,90.09,39,3,16.84,clear sky
13,Baft,IR,29.234,56.6057,44.4,52,5,6.46,clear sky
14,Bredasdorp,ZA,-34.5322,20.0403,70.29,74,61,12.84,broken clouds
15,Bambous Virieux,MU,-20.3428,57.7575,86.22,70,75,12.66,broken clouds
16,Talnakh,RU,69.4865,88.3972,-0.8,97,100,8.03,overcast clouds
17,Thompson,CA,55.7435,-97.8558,-9.76,99,84,2.04,broken clouds
18,Mugumu,TZ,-1.85,34.7,67.44,69,93,3.27,overcast clouds
19,Dharchula,IN,29.85,80.5333,62.85,27,0,4.88,clear sky
20,Phalaborwa,ZA,-23.943,31.1411,71.76,77,100,10.27,overcast clouds
21,Rio Gallegos,AR,-51.6226,-69.2181,42.85,81,0,18.41,clear sky
22,Somerset East,ZA,-32.7217,25.588,71.76,54,0,3.65,clear sky
23,Khanpur,PK,28.6453,70.6567,69.94,17,6,3.2,clear sky
24,Cape Town,ZA,-33.9258,18.4232,72.1,65,0,5.99,clear sky
25,Saint Anthony,US,45.0205,-93.218,19.42,77,100,5.01,overcast clouds
26,Lagoa,PT,39.05,-27.9833,57.7,71,24,17.67,few clouds
27,Maku,IR,39.2911,44.4521,20.77,82,100,4.07,overcast clouds
28,Hermanus,ZA,-34.4187,19.2345,70.81,78,5,13.4,clear sky
29,Natal,BR,-5.795,-35.2094,75.85,94,40,3.44,scattered clouds
30,Arraial Do Cabo,BR,-22.9661,-42.0278,73.65,93,100,6.11,overcast clouds
31,Chuy,UY,-33.6971,-53.4616,63.16,82,18,4.85,few clouds
32,Port Alfred,ZA,-33.5906,26.891,74.61,70,7,8.23,clear sky
33,East London,ZA,-33.0153,27.9116,74.86,69,5,7.14,clear sky
34,Moussoro,TD,13.6408,16.4901,56.03,22,22,12.62,few clouds
35,Punta Arenas,CL,-53.15,-70.9167,44.71,70,0,13.8,clear sky
36,Balsas,BR,-7.5325,-46.0356,68.31,86,78,2.62,broken clouds
37,Awbari,LY,26.5921,12.7805,39.58,34,2,6.4,clear sky
38,Mirwah,YE,13.9228,43.9176,65.39,75,27,2.37,scattered clouds
39,Georgetown,MY,5.4112,100.3354,91.33,69,20,1.99,few clouds
40,Kayerkan,RU,69.3497,87.7602,-1.48,84,99,7.58,overcast clouds
41,Qaanaaq,GL,77.484,-69.3632,-7.38,84,99,7.14,overcast clouds
42,Ilulissat,GL,69.2167,-51.1,6.82,51,20,20.71,few clouds
43,Kavaratti,IN,10.5669,72.642,81.57,67,97,8.99,overcast clouds
44,Chebenki,RU,51.9337,55.7077,11.95,95,100,7.58,light snow
45,Saldanha,ZA,-33.0117,17.9442,66.94,74,0,12.93,clear sky
46,Xuddur,SO,4.1213,43.8894,75.45,48,11,23.51,few clouds
47,Upernavik,GL,72.7868,-56.1549,-3.46,99,100,7.0,overcast clouds
48,Mayumba,GA,-3.432,10.6554,76.37,92,93,2.86,overcast clouds
49,Tasiilaq,GL,65.6145,-37.6368,8.76,65,91,10.0,overcast clouds
50,Klaksvik,FO,62.2266,-6.589,34.72,73,100,15.68,overcast clouds
51,Vila Franca Do Campo,PT,37.7167,-25.4333,57.61,68,69,11.18,broken clouds
52,Ambilobe,MG,-13.2,49.05,82.67,75,83,2.01,broken clouds
53,Ponta Do Sol,PT,32.6667,-17.1,63.23,34,4,6.85,clear sky
54,Camocim,BR,-2.9022,-40.8411,73.87,91,99,5.64,overcast clouds
55,Buraydah,SA,26.326,43.975,51.4,37,0,12.82,clear sky
56,Srivardhan,IN,18.0333,73.0167,84.43,29,35,4.14,scattered clouds
57,Ariano Irpino,IT,41.1489,15.0833,35.69,49,13,3.31,few clouds
58,Mastic Beach,US,40.7668,-72.8521,14.41,55,100,5.01,overcast clouds
59,Inta,RU,66.0317,60.1659,17.22,86,100,6.96,overcast clouds
60,Cap Malheureux,MU,-19.9842,57.6142,86.47,61,68,8.99,broken clouds
61,Sur,OM,22.5667,59.5289,77.18,40,0,2.48,clear sky
62,Eyrarbakki,IS,63.863,-21.1481,29.21,95,100,18.28,snow
63,Chapais,CA,49.7834,-74.8492,-22.45,100,30,3.2,scattered clouds
64,Aranos,NA,-24.1333,19.1167,74.25,62,25,9.86,light rain
65,Berlevag,NO,70.8578,29.0864,27.23,76,99,8.59,light snow
66,Pionki,PL,51.476,21.4499,39.18,58,80,3.0,broken clouds
67,Saint-Philippe,RE,-21.3585,55.7679,85.55,74,69,10.94,broken clouds
68,Kushmurun,KZ,52.4503,64.6311,5.22,93,100,11.72,overcast clouds
69,Henties Bay,NA,-22.116,14.2845,63.86,82,92,6.91,overcast clouds
70,Presidente Medici,BR,-11.1753,-61.9014,71.69,99,100,3.27,overcast clouds
71,Souillac,MU,-20.5167,57.5167,85.35,70,75,12.66,broken clouds
72,Tazovskiy,RU,67.4667,78.7,-13.74,98,86,8.08,overcast clouds
73,Belmonte,BR,-15.8631,-38.8828,75.7,86,93,7.9,light rain
74,Luderitz,NA,-26.6481,15.1594,65.25,85,14,10.29,few clouds
75,Yar-Sale,RU,66.8333,70.8333,-9.04,98,93,8.95,overcast clouds
76,Kruisfontein,ZA,-34.0033,24.7314,67.89,63,15,5.17,few clouds
77,Zhashkiv,UA,49.2454,30.1102,25.97,95,100,19.98,snow
78,Muros,ES,42.7762,-9.0603,50.23,58,15,5.82,few clouds
79,Marzuq,YE,14.4,46.4667,70.29,43,20,1.86,few clouds
80,Jalu,LY,29.0331,21.5482,51.17,68,99,9.04,overcast clouds
81,Arlit,NE,18.7369,7.3853,59.22,18,2,8.32,clear sky
82,Coquimbo,CL,-29.9533,-71.3436,62.42,83,8,4.03,clear sky
83,Longyearbyen,SJ,78.2186,15.6401,8.44,66,0,17.27,clear sky
84,Mashhad,IR,36.297,59.6062,41.14,65,0,6.91,clear sky
85,Quelimane,MZ,-17.8786,36.8883,81.34,74,13,4.23,few clouds
86,Chateauroux,FR,46.8167,1.7,45.55,100,100,5.75,fog
87,Maracacume,BR,-2.0428,-45.9592,70.68,99,100,3.13,light rain
88,San Ignacio,BZ,17.1561,-89.0714,64.54,94,100,6.91,overcast clouds
89,Nyborg,DK,55.3127,10.7896,42.49,67,63,40.06,broken clouds
90,Dikson,RU,73.5069,80.5464,6.49,95,100,15.46,light snow
91,Saint George,US,37.1041,-113.5841,48.34,32,0,1.99,clear sky
92,Hofn,IS,64.2539,-15.2082,31.93,62,100,5.59,overcast clouds
93,Ponnani,IN,10.767,75.9252,88.92,51,21,1.61,few clouds
94,Lowestoft,GB,52.4752,1.7516,35.24,90,16,10.09,few clouds
95,Iskateley,RU,67.6803,53.1512,7.43,96,83,10.02,broken clouds
96,Ribeira Grande,PT,38.5167,-28.7,58.98,72,61,17.0,broken clouds
97,Westport,US,41.1415,-73.3579,13.82,47,0,1.99,clear sky
98,Namibe,AO,-15.1961,12.1522,70.56,76,100,3.33,overcast clouds
99,Margate,GB,51.3813,1.3862,39.69,80,23,1.99,few clouds
100,Hambantota,LK,6.1241,81.1185,86.02,60,5,6.87,clear sky
101,Grand Gaube,MU,-20.0064,57.6608,85.37,62,77,7.0,broken clouds
102,Abu Samrah,SY,35.3029,37.1841,40.87,77,55,4.79,broken clouds
103,Rawah,IQ,34.4816,41.9093,45.75,71,45,4.74,scattered clouds
104,Illela,NG,13.7292,5.2975,60.17,16,4,14.09,clear sky
105,Pirogovo,RU,56.7796,53.1495,11.52,95,99,6.17,snow
106,Faya,SA,18.3851,42.4509,57.72,55,31,7.38,scattered clouds
107,Plettenberg Bay,ZA,-34.0527,23.3716,70.16,72,2,2.71,clear sky
108,Almeirim,BR,-1.5233,-52.5817,71.58,99,100,2.37,overcast clouds
109,Remanso,BR,-9.6179,-42.0831,71.94,89,100,4.38,overcast clouds
110,Anjozorobe,MG,-18.4,47.8667,71.92,64,76,3.85,broken clouds
111,Araucaria,BR,-25.5931,-49.4103,66.43,99,100,3.71,overcast clouds
112,Carutapera,BR,-1.195,-46.02,73.8,92,100,4.83,overcast clouds
113,Am Timan,TD,11.0297,20.2827,67.12,22,8,3.91,clear sky
114,Cidreira,BR,-30.1811,-50.2056,71.55,65,15,12.21,few clouds
115,Salinopolis,BR,-0.6136,-47.3561,76.35,87,100,6.71,overcast clouds
116,Samarkand,UZ,39.6542,66.9597,38.62,70,99,9.22,overcast clouds
117,Gat,IL,31.61,34.7642,53.4,100,0,2.82,clear sky
118,San Joaquin,US,37.9333,-121.3011,52.48,78,0,3.44,clear sky
119,Nurota,UZ,40.5614,65.6886,39.0,59,28,7.47,scattered clouds
120,Trairi,BR,-3.2778,-39.2689,74.12,92,100,6.73,overcast clouds
121,Pimentel,PE,-6.8367,-79.9342,69.73,83,94,11.39,overcast clouds
122,Pisco,PE,-13.7,-76.2167,69.85,78,0,5.75,clear sky
123,Saint-Pierre,RE,-21.3393,55.4781,85.64,74,0,24.16,clear sky
124,Ostrov,RU,57.3439,28.3537,29.93,98,100,14.14,light snow
125,Benguela,AO,-12.5763,13.4055,76.41,84,100,3.04,overcast clouds
126,Cierna Nad Tisou,SK,48.417,22.0887,36.88,96,100,6.29,snow
127,Xique-Xique,BR,-10.8218,-42.7263,70.77,88,100,4.7,overcast clouds
128,Tarko-Sale,RU,64.9225,77.785,-4.52,96,99,7.87,overcast clouds
129,Marquette,US,46.5333,-87.6335,13.77,83,99,3.11,overcast clouds
130,Pomorie,BG,42.5588,27.6439,32.49,93,0,5.75,clear sky
131,Mahebourg,MU,-20.4081,57.7,85.24,70,75,12.66,broken clouds
132,Saint-Denis,FR,48.9167,2.3333,47.14,79,100,3.0,overcast clouds
133,Benidorm,ES,38.5382,-0.131,54.77,46,0,3.47,clear sky
134,Subtanjalla,PE,-14.0189,-75.7581,64.94,72,91,1.95,overcast clouds
135,Caravelas,BR,-17.7125,-39.2481,75.2,88,38,7.52,scattered clouds
136,Bestobe,KZ,52.4994,73.0975,13.08,94,34,8.79,scattered clouds
137,Kedrovyy,RU,56.1667,91.8167,0.01,80,46,3.38,scattered clouds
138,Hamilton,US,39.1834,-84.5333,21.81,72,20,1.01,few clouds
139,Rajampet,IN,14.1833,79.1667,84.18,56,29,3.2,scattered clouds
140,Mancio Lima,BR,-7.6142,-72.8958,73.11,97,100,1.86,moderate rain
141,Sakakah,SA,29.9697,40.2064,45.07,46,0,9.98,clear sky
142,Nadym,RU,65.5333,72.5167,-5.19,94,91,8.95,overcast clouds
143,Sidi Ali,DZ,36.0998,0.4206,45.97,42,0,6.53,clear sky
144,Wagar,SD,16.1525,36.2032,66.42,61,6,9.6,clear sky
145,Itaueira,BR,-7.6033,-43.0256,69.69,93,99,1.45,overcast clouds
146,Sayyan,YE,15.1718,44.3244,57.45,33,10,1.14,clear sky
147,Kalmunai,LK,7.4167,81.8167,83.48,67,30,7.25,scattered clouds
148,Uchaly,RU,54.2996,59.4521,8.26,85,100,2.62,overcast clouds
149,Mubende,UG,0.5606,31.39,75.13,34,88,3.87,overcast clouds
150,Hit,IQ,33.6416,42.8251,50.11,57,47,2.59,scattered clouds
151,Peranamallur,IN,12.5667,79.4333,80.69,60,84,7.38,broken clouds
152,Codrington,AU,-38.2667,141.9667,70.16,79,92,12.8,overcast clouds
153,Tornio,FI,65.8481,24.1466,10.42,85,100,13.02,overcast clouds
154,Mbandaka,CD,0.0487,18.2603,72.37,49,64,2.08,broken clouds
155,Concarneau,FR,47.875,-3.9225,48.97,98,100,4.74,overcast clouds
156,Matagami,CA,49.7502,-77.6328,-5.69,77,100,4.61,overcast clouds
157,Chapada Dos Guimaraes,BR,-15.4606,-55.7497,67.66,98,100,4.14,overcast clouds
158,Victoria,HK,22.2855,114.1577,69.19,63,19,1.01,few clouds
159,Perieti,RO,44.4,24.55,34.32,63,81,14.03,broken clouds
160,Husavik,IS,66.0449,-17.3389,33.71,83,100,13.04,overcast clouds
161,Nawabshah,PK,26.2483,68.4096,66.16,55,0,2.3,smoke
162,Alakurtti,RU,66.9672,30.3491,-1.37,98,70,4.45,broken clouds
163,Rawson,AR,-43.3002,-65.1023,71.98,38,49,22.62,scattered clouds
164,Urumqi,CN,43.801,87.6005,2.35,85,100,4.47,mist
165,Ngama,TD,11.7833,17.1667,58.82,19,54,10.04,broken clouds
166,Ellsworth,US,44.5434,-68.4195,12.52,90,100,8.01,fog
167,Salalah,OM,17.0151,54.0924,76.33,46,65,2.75,broken clouds
168,Goure,NE,13.9835,10.2704,61.02,20,1,9.37,clear sky
169,Karasburg,NA,-28.0167,18.75,81.7,34,96,14.14,overcast clouds
170,Quatre Cocos,MU,-20.2078,57.7625,85.08,67,98,16.15,overcast clouds
171,Copiapo,CL,-27.3667,-70.3333,60.58,82,0,2.37,clear sky
172,Matara,LK,5.9485,80.5353,88.0,54,12,7.11,few clouds
173,Bonavista,CA,48.6499,-53.1147,46.4,96,100,39.41,moderate rain
174,Oistins,BB,13.0667,-59.5333,76.21,70,6,14.85,clear sky
175,Clyde River,CA,70.4692,-68.5914,-16.37,69,75,4.61,broken clouds
176,Lebu,CL,-37.6167,-73.65,55.4,90,25,7.2,scattered clouds
177,Laguna,US,38.421,-121.4238,52.65,83,1,1.01,clear sky
178,Lagos,NG,6.5833,3.75,67.3,35,75,5.03,broken clouds
179,Manavadar,IN,21.5,70.1333,78.33,18,0,4.94,clear sky
180,Los Llanos De Aridane,ES,28.6585,-17.9182,56.95,72,90,8.05,overcast clouds
181,Walvis Bay,NA,-22.9575,14.5053,64.09,94,100,11.5,overcast clouds
182,Sosnovoborsk,RU,56.1325,93.3589,2.75,82,69,0.34,broken clouds
183,Vadso,NO,70.0744,29.7487,2.28,82,84,9.28,broken clouds
184,Carballo,ES,43.213,-8.691,44.87,64,55,3.89,broken clouds
185,Constitucion,CL,-35.3333,-72.4167,56.8,93,49,6.73,scattered clouds
186,Mahajanga,MG,-15.7167,46.3167,87.82,62,20,4.61,few clouds
187,Mehamn,NO,71.0357,27.8492,19.29,94,80,8.25,broken clouds
188,Castro,BR,-24.7911,-50.0119,61.16,99,100,4.72,overcast clouds
189,Torri Di Quartesolo,IT,45.525,11.6123,35.47,84,29,2.75,scattered clouds
190,Antalaha,MG,-14.9003,50.2788,84.4,55,78,4.83,broken clouds
191,Harper,LR,4.375,-7.7169,77.0,88,30,2.68,scattered clouds
192,Adrar,MR,20.5022,-10.0711,67.28,15,98,11.59,overcast clouds
193,Ordu,TR,40.9086,37.6845,25.3,76,100,7.4,overcast clouds
194,Beohari,IN,24.05,81.3833,72.72,21,0,10.18,clear sky
195,Padang,ID,-0.9492,100.3543,87.85,73,90,7.65,moderate rain
196,Kabalo,CD,-6.05,26.9167,71.24,95,100,3.42,overcast clouds
197,Knysna,ZA,-34.0363,23.0471,68.38,68,3,2.86,clear sky
198,Grindavik,IS,63.8424,-22.4338,36.07,87,75,18.41,broken clouds
199,Amapa,BR,1.0,-52.0,69.55,100,100,1.19,overcast clouds
200,The Valley,AI,18.217,-63.0578,76.1,73,2,9.55,clear sky
201,Havre-Saint-Pierre,CA,50.2334,-63.5986,17.6,85,90,17.27,light snow
202,Lucea,JM,18.451,-78.1736,75.06,81,23,21.36,few clouds
203,Kidal,ML,18.4411,1.4078,61.97,17,6,13.06,clear sky
204,Soverato,IT,38.685,16.5499,46.35,69,17,9.82,few clouds
205,Krasnoselkup,RU,65.7,82.4667,-5.98,97,100,8.08,overcast clouds
206,Samana,DO,19.2056,-69.3369,70.47,78,5,3.0,clear sky
207,Vila Velha,BR,-20.3297,-40.2925,76.95,92,0,2.3,clear sky
208,Isla Mujeres,MX,21.2311,-86.731,59.16,63,96,11.74,overcast clouds
209,Nanortalik,GL,60.1432,-45.2371,14.59,87,100,12.41,light snow
210,Nueva Guinea,NI,11.6876,-84.4562,65.17,94,41,5.01,scattered clouds
211,Sao Joao Da Barra,BR,-21.6403,-41.0511,75.22,91,100,3.94,overcast clouds
212,Huambo,AO,-12.7761,15.7392,60.4,94,100,3.04,overcast clouds
213,Takoradi,GH,4.8845,-1.7554,76.66,91,33,2.89,scattered clouds
214,Jasidih,IN,24.5167,86.65,66.56,34,0,11.07,clear sky
215,Khairpur,PK,27.5295,68.7617,64.4,19,2,2.95,clear sky
216,San Cristobal,VE,7.7669,-72.225,63.68,87,81,3.44,broken clouds
217,Distraccion,CO,10.8969,-72.8861,68.07,89,79,1.57,broken clouds
218,Oxapampa,PE,-10.5775,-75.4017,58.21,97,100,2.28,light rain
219,Micheweni,TZ,-4.9667,39.8333,81.07,73,99,11.92,overcast clouds
220,Ivanava,BY,52.1451,25.5365,34.07,94,98,21.03,overcast clouds
221,Primero De Marzo,PY,-25.153,-56.928,71.51,73,13,2.95,few clouds
222,Birjand,IR,32.8663,59.2211,48.67,23,20,4.61,few clouds
223,Ullapool,GB,57.8987,-5.1604,39.34,82,100,4.09,overcast clouds
224,Torbay,CA,47.6666,-52.7314,49.28,97,100,33.38,moderate rain
225,Suluq,LY,31.6682,20.2521,51.35,64,70,20.33,broken clouds
226,Angoche,MZ,-16.2325,39.9086,80.31,76,54,2.71,broken clouds
227,Muhos,FI,64.808,25.9931,26.38,96,100,5.68,light snow
228,Luanda,AO,-8.8368,13.2343,77.67,82,100,4.52,overcast clouds
229,Oktyabrskoye,RU,43.0645,44.7417,21.34,80,75,4.47,broken clouds
230,Hanko,FI,59.8333,22.95,33.06,98,100,15.23,light snow
231,Harstad,NO,68.799,16.5293,20.43,75,100,5.95,overcast clouds
232,Aranzazu,CO,5.2712,-75.4904,57.31,96,100,1.07,overcast clouds
233,Santiago Del Estero,AR,-27.7951,-64.2615,69.48,49,0,4.47,clear sky
234,Finsterwalde,DE,51.6333,13.7167,42.31,74,97,29.26,overcast clouds
235,Batangafo,CF,7.3008,18.2833,65.73,28,98,3.87,overcast clouds
236,Ostrovnoy,RU,68.0531,39.5131,19.4,92,100,10.22,light snow
237,Viedma,AR,-40.8135,-62.9967,78.03,44,71,14.43,broken clouds
238,Ribeira Brava,PT,32.65,-17.0667,61.43,34,1,7.78,clear sky
239,Tabuk,PH,17.4189,121.4443,72.64,93,72,11.16,light rain
240,Jarvakandi,EE,58.7789,24.8258,33.39,99,100,8.93,light snow
241,Mocuba,MZ,-16.8392,36.9856,77.22,86,26,2.57,scattered clouds
242,Rakitnoye,RU,50.8389,35.8515,28.65,93,99,15.7,light snow
243,Halifax,CA,44.6453,-63.5724,39.99,93,91,8.01,overcast clouds
244,Campos Belos,BR,-13.0367,-46.7717,67.17,96,100,2.59,overcast clouds
245,Inhambane,MZ,-23.865,35.3833,82.38,65,40,7.38,scattered clouds
246,Sarankhola,BD,22.3082,89.7897,75.09,27,0,6.71,clear sky
247,Ajdabiya,LY,30.7554,20.2263,52.92,55,58,18.25,broken clouds
248,Carnaiba,BR,-8.7,-37.6667,70.66,75,100,2.53,overcast clouds
249,Coihaique,CL,-45.5752,-72.0662,46.35,76,100,6.91,light rain
250,Mehriz,IR,31.5917,54.4318,39.7,38,6,1.34,clear sky
251,Iqaluit,CA,63.7506,-68.5145,-15.07,70,20,3.44,few clouds
252,Gashua,NG,12.871,11.0482,55.49,21,52,9.89,broken clouds
253,Murmashi,RU,68.8154,32.8115,-1.79,84,75,0.0,light shower snow
254,Narsaq,GL,60.9167,-46.05,8.82,81,84,5.26,broken clouds
255,Kargopol,RU,61.5071,38.9456,8.42,96,100,6.11,overcast clouds
256,Atar,MR,20.5169,-13.0499,72.41,20,99,7.96,overcast clouds
257,Fomboni,KM,-12.28,43.7425,82.18,67,0,5.66,clear sky
258,Mineros,BO,-17.1167,-63.2333,70.36,88,10,2.68,clear sky
259,Doha,QA,25.2867,51.5333,64.38,63,0,8.05,clear sky
260,Desbiens,CA,48.4178,-71.9495,-3.35,91,100,12.95,overcast clouds
261,Sao Geraldo Do Araguaia,BR,-6.4006,-48.555,70.63,97,100,3.31,overcast clouds
262,Kromy,RU,52.6876,35.7667,21.83,92,100,16.8,light snow
263,Olafsvik,IS,64.8945,-23.7142,36.48,76,100,26.17,overcast clouds
264,Tres Lagoas,BR,-20.7511,-51.6783,70.02,96,95,5.88,overcast clouds
265,Dakar,SN,14.6937,-17.4441,68.88,74,100,20.85,overcast clouds
266,Neyvo-Shaytanskiy,RU,57.7286,61.2496,4.05,96,100,0.98,overcast clouds
267,Lahij,YE,13.1667,44.5833,69.94,76,69,4.0,broken clouds
268,Parga,GR,39.2831,20.3964,39.2,58,5,4.68,clear sky
269,Aasiaat,GL,68.7098,-52.8699,3.33,93,100,17.63,light snow
270,Inyonga,TZ,-6.7167,32.0667,66.13,91,93,1.57,overcast clouds
271,Dingle,PH,10.9995,122.6711,87.96,62,21,2.01,few clouds
272,Karasjok,NO,69.4719,25.5112,14.11,100,96,2.62,overcast clouds
273,Monroe,US,43.1501,-77.6831,7.95,69,77,3.0,broken clouds
274,Valenca,BR,-13.3703,-39.0731,72.41,94,99,2.28,overcast clouds
275,Igurubi,TZ,-4.0,33.7,68.58,85,100,5.82,overcast clouds
276,Rio Cuarto,AR,-33.1307,-64.3499,65.68,70,0,9.71,clear sky
277,Pangnirtung,CA,66.1451,-65.7125,-9.4,59,100,10.36,light snow
278,Jaque,PA,7.5175,-78.1703,74.61,85,38,6.64,scattered clouds
279,Cadillac,US,44.2519,-85.4012,17.51,86,100,8.05,overcast clouds
280,Manta,EC,-0.95,-80.7333,74.88,90,100,7.43,light rain
281,Qaqortoq,GL,60.7167,-46.0333,9.1,86,94,5.7,overcast clouds
282,Ostersund,SE,63.1792,14.6357,27.05,100,75,10.36,broken clouds
283,Aksay,RU,47.26,39.87,32.36,98,61,13.0,broken clouds
284,Toropets,RU,56.4978,31.6353,24.82,94,100,14.99,snow
285,Vardo,NO,70.3705,31.1107,26.29,68,92,5.68,overcast clouds
286,Hagerstown,US,39.6418,-77.72,18.81,57,0,5.01,clear sky
287,Kobylka,PL,52.3395,21.1959,41.11,80,90,25.99,overcast clouds
288,Godhra,IN,22.75,73.6333,74.1,18,0,2.08,clear sky
289,Praia,CV,14.9215,-23.5087,68.54,68,75,14.97,broken clouds
290,Bengkulu,ID,-3.8004,102.2655,84.58,70,99,10.58,overcast clouds
291,Port-Gentil,GA,-0.7193,8.7815,80.82,80,99,8.7,overcast clouds
292,Culpeper,US,38.5004,-77.9664,21.11,49,8,2.62,clear sky
293,Sisimiut,GL,66.9395,-53.6735,7.48,88,100,31.25,light snow
294,Zhezkazgan,KZ,47.8043,67.7144,19.38,86,40,17.9,scattered clouds
295,Krotoszyn,PL,51.6987,17.4374,42.55,74,100,32.91,overcast clouds
296,Long Mountain,MU,-20.1431,57.5622,84.0,62,64,14.38,broken clouds
297,Pecanha,BR,-18.5486,-42.5569,63.61,95,100,1.25,overcast clouds
298,Qrendi,MT,35.8347,14.4583,52.11,61,20,9.22,few clouds
299,Dulovo,BG,43.8167,27.15,31.55,64,39,14.0,scattered clouds
300,Ormara,PK,25.2088,64.6357,72.19,63,0,6.22,clear sky
301,Carnarvon,AU,-24.8667,113.6333,86.07,62,61,18.41,broken clouds
302,Yanaul,RU,56.2719,54.9309,11.26,94,100,7.36,overcast clouds
303,Rocha,UY,-34.4833,-54.3333,59.61,91,25,5.37,scattered clouds
304,Shu,KZ,43.5983,73.7614,38.37,66,47,3.11,scattered clouds
305,Kharan,PK,28.5833,65.4167,64.54,29,8,1.92,clear sky
306,Bastia,FR,42.6667,9.3333,48.29,85,100,5.75,overcast clouds
307,Cordoba,AR,-31.4135,-64.1811,64.6,94,0,5.75,clear sky
308,Lazdijai,LT,54.2333,23.5167,33.73,93,100,19.71,light snow
309,Chisindia,RO,46.2833,22.1,32.99,92,100,6.71,light snow
310,Altamira,BR,-3.2033,-52.2064,69.71,100,100,0.83,overcast clouds
311,Touros,BR,-5.1989,-35.4608,76.1,83,100,8.59,overcast clouds
312,Tarabuco,BO,-19.1667,-64.9167,44.02,85,75,2.24,broken clouds
313,Igarka,RU,67.4667,86.5833,0.19,95,100,11.27,overcast clouds
314,Korla,CN,41.7597,86.1469,30.31,38,100,4.38,overcast clouds
315,Kovdor,RU,67.5662,30.4758,-5.19,100,67,2.33,broken clouds
316,Troitskoye,RU,52.9821,84.6757,12.85,81,40,4.5,scattered clouds
317,Yenagoa,NG,4.9247,6.2642,69.84,63,100,3.49,overcast clouds
318,San Rafael,AR,-34.6177,-68.3301,74.48,49,7,1.3,clear sky
319,Tshane,BW,-24.0196,21.8684,71.51,74,97,17.78,overcast clouds
320,Sept-Iles,CA,50.2001,-66.3821,10.06,87,100,3.0,snow
321,Marsh Harbour,BS,26.5412,-77.0636,59.79,61,87,20.65,overcast clouds
322,Mogadishu,SO,2.0371,45.3438,80.47,65,54,21.72,broken clouds
323,Vera Cruz,BR,-12.6333,-41.0333,68.05,95,100,1.36,overcast clouds
324,Svetlyy,RU,54.675,20.1347,39.25,81,92,27.76,overcast clouds
325,Aksarka,RU,66.5606,67.7975,-14.69,100,100,6.8,overcast clouds
326,Zaraza,VE,9.3503,-65.3245,72.46,79,6,6.44,clear sky
327,Shelburne,CA,44.0787,-80.2041,9.05,80,83,5.61,broken clouds
328,Komsomolskiy,UZ,40.4272,71.7189,40.42,81,84,4.61,mist
329,Lucenec,SK,48.3325,19.6671,43.41,71,77,8.99,broken clouds
330,Brokopondo,SR,4.75,-55.1667,73.13,93,40,6.6,scattered clouds
331,Coracora,PE,-15.0333,-73.7833,46.65,79,100,2.44,overcast clouds
332,Saint-Georges,GD,12.0564,-61.7485,74.82,82,29,11.56,scattered clouds
333,Kamenka,RU,51.3223,42.7678,25.79,97,97,7.52,overcast clouds
334,Changji,CN,44.0167,87.3167,5.79,85,100,4.47,mist
335,Sintea Mare,RO,46.5167,21.6,34.88,80,100,15.01,overcast clouds
336,Leshukonskoye,RU,64.8989,45.7622,7.39,96,100,5.39,overcast clouds
337,Beloha,MG,-25.1667,45.05,84.29,49,40,10.02,scattered clouds
338,Khowst,AF,33.3833,69.8833,51.4,34,2,1.59,clear sky
339,Santa Isabel Do Rio Negro,BR,-0.4139,-65.0192,72.5,97,99,2.44,overcast clouds
340,Nouadhibou,MR,20.931,-17.0347,62.58,82,100,14.97,overcast clouds
341,Abalak,RU,58.1286,68.5944,8.55,90,100,6.55,overcast clouds
342,Libreville,GA,0.3925,9.4537,79.18,85,99,5.14,light rain
343,Albany,US,42.6001,-73.9662,5.81,53,100,15.99,overcast clouds
344,Kourou,GF,5.1552,-52.6478,78.12,90,41,5.35,scattered clouds
345,Rio Grande,BR,-32.035,-52.0986,70.05,72,9,10.89,clear sky
346,Pindushi,RU,62.9152,34.58,15.98,94,100,9.53,light snow
347,Port Blair,IN,11.6667,92.75,82.44,69,20,11.5,haze
348,Comodoro Rivadavia,AR,-45.8667,-67.5,58.86,33,0,19.57,clear sky
349,Bull Savanna,JM,17.8868,-77.5902,70.07,82,4,7.63,clear sky
350,Olinda,BR,-8.0089,-34.8553,80.33,78,75,5.75,broken clouds
351,Baghdad,IQ,33.3406,44.4009,48.11,61,7,2.3,clear sky
352,Camaiore,IT,43.9097,10.2419,58.03,85,97,11.45,overcast clouds
353,Kontagora,NG,10.3999,5.4695,67.51,11,84,9.89,broken clouds
354,Jonkoping,SE,57.7814,14.1562,37.38,100,90,23.02,overcast clouds
355,Bathsheba,BB,13.2167,-59.5167,76.06,70,10,13.91,clear sky
356,Ancud,CL,-41.8697,-73.8203,53.13,85,87,10.65,overcast clouds
357,Rafai,CF,4.95,23.9167,68.34,24,38,5.39,scattered clouds
358,Sao Filipe,CV,14.8961,-24.4956,70.2,74,82,12.17,broken clouds
359,Aswan,EG,24.0934,32.907,51.13,48,0,9.35,clear sky
360,Huallanca,PE,-9.8993,-76.9417,45.73,74,100,5.41,light rain
361,Bud,US,39.447,-86.1758,24.89,75,98,8.48,overcast clouds
362,Porbandar,IN,21.6422,69.6093,76.98,38,0,5.75,clear sky
363,Verkhnyaya Inta,RU,65.9811,60.3094,15.84,85,100,5.23,overcast clouds
364,La Chaux-De-Fonds,CH,47.0999,6.8259,37.31,100,20,2.3,drizzle
365,Burgersdorp,ZA,-30.9977,26.3286,69.39,61,2,8.63,clear sky
366,Sayan,PE,-11.1361,-77.1933,68.0,87,98,2.86,overcast clouds
367,Neuquen,AR,-38.9516,-68.0591,71.49,26,0,11.5,clear sky
368,Bourbonnais,US,41.1417,-87.875,19.92,82,0,3.44,clear sky
369,Guider,CM,9.9342,13.9486,64.04,22,70,3.94,broken clouds
370,Bunol,ES,39.4167,-0.7833,46.8,28,0,7.29,clear sky
371,Jutai,BR,-5.1833,-68.9,73.13,97,100,3.04,overcast clouds
372,Gewane,ET,10.1664,40.6453,76.51,34,77,7.02,broken clouds
373,Buzmeyin,TM,38.0507,58.2056,42.53,70,5,4.61,clear sky
374,Hosangadi,IN,13.7,74.95,95.09,31,5,0.76,clear sky
375,Kirkuk,IQ,35.4681,44.3922,46.99,59,100,0.63,overcast clouds
376,Lima,PE,-12.0432,-77.0282,68.9,74,0,8.05,clear sky
377,Maldonado,UY,-34.6667,-54.9167,66.22,90,42,6.51,scattered clouds
378,Waddan,LY,29.1614,16.139,43.25,84,8,10.63,clear sky
379,Akhtanizovskaya,RU,45.32,37.1,32.47,75,16,7.38,few clouds
380,Malindi,KE,-3.2175,40.1191,80.24,76,96,11.43,overcast clouds
381,Povenets,RU,62.8487,34.8262,16.61,92,100,10.71,light snow
382,Mayahi,NE,13.9553,7.6712,56.32,19,5,11.77,clear sky
383,Abonnema,NG,4.7084,6.7931,72.79,40,95,5.66,overcast clouds
384,Alpena,US,45.0617,-83.4327,16.12,79,100,3.44,overcast clouds
385,Axim,GH,4.8699,-2.2405,76.59,92,7,3.29,clear sky
386,Camana,PE,-16.6228,-72.7111,69.12,80,61,3.53,broken clouds
387,Ios,GR,36.7333,25.2833,55.31,67,100,10.0,overcast clouds
388,Puerto Del Rosario,ES,28.5004,-13.8627,65.88,82,0,0.0,clear sky
389,Chiredzi,ZW,-21.05,31.6667,75.85,72,100,11.61,overcast clouds
390,Marica,BR,-22.9194,-42.8186,76.86,94,100,2.17,overcast clouds
391,Temir,KZ,49.1414,57.13,18.12,96,96,8.66,overcast clouds
392,Taoudenni,ML,22.6783,-3.9836,68.05,17,99,10.42,overcast clouds
393,Villa Carlos Paz,AR,-31.4241,-64.4978,61.25,10,0,4.0,clear sky
394,Mgandu,TZ,-5.95,34.1333,64.62,89,99,3.76,overcast clouds
395,Willowmore,ZA,-33.2926,23.4895,68.9,53,0,6.69,clear sky
396,Adre,TD,13.4667,22.2,55.35,22,31,12.26,scattered clouds
397,Wieliczka,PL,49.9874,20.0647,41.95,68,79,18.99,broken clouds
398,Pointe Michel,DM,15.25,-61.3833,75.25,73,0,9.24,clear sky
399,Imbituba,BR,-28.24,-48.6703,71.82,80,100,5.46,overcast clouds
400,Mantua,IT,45.1667,10.7833,37.71,81,20,4.92,few clouds
401,Thaba-Tseka,LS,-29.522,28.6084,60.98,49,0,0.29,clear sky
402,Manali,IN,13.1667,80.2667,85.06,71,19,10.94,few clouds
403,Alanya,TR,36.5438,31.9998,48.33,66,99,6.93,light rain
404,Sirjan,IR,29.452,55.6814,50.38,43,3,8.81,clear sky
405,Gavrilovka Vtoraya,RU,52.877,42.7663,22.87,97,100,6.51,light snow
406,Edgewater,US,28.9889,-80.9023,41.02,45,0,12.21,clear sky
407,Atlantic City,US,39.3643,-74.4229,14.25,64,0,21.85,clear sky
408,Urengoy,RU,65.9667,78.3667,-6.16,97,100,7.54,overcast clouds
409,Ungheni,MD,47.2042,27.7958,33.28,86,100,6.91,overcast clouds
410,Tocopilla,CL,-22.092,-70.1979,66.0,80,28,1.41,scattered clouds
411,Gidam,IN,18.9833,81.4,79.43,17,5,3.94,clear sky
412,Marrakesh,MA,31.6315,-8.0083,48.27,61,40,3.44,scattered clouds
413,Harindanga,IN,22.0383,88.3214,71.58,25,0,6.73,clear sky
414,Coihueco,CL,-36.6167,-71.8333,54.27,91,0,2.44,clear sky
415,Vestmannaeyjar,IS,63.4427,-20.2734,40.03,69,100,21.0,overcast clouds
416,Itaituba,BR,-4.2761,-55.9836,71.19,100,100,0.36,overcast clouds
417,Marienburg,PL,54.0359,19.0266,38.86,66,100,27.18,overcast clouds
418,Goderich,CA,43.7501,-81.7165,15.91,79,100,8.05,overcast clouds
419,Swellendam,ZA,-34.0226,20.4417,68.38,62,1,5.37,clear sky
420,Sorland,NO,67.667,12.6934,36.48,54,90,27.31,overcast clouds
421,Skibotn,NO,69.3913,20.2679,19.49,73,100,3.44,overcast clouds
422,Borkenes,NO,68.774,16.1739,20.8,74,100,5.12,overcast clouds
423,Nuuk,GL,64.1835,-51.7216,12.81,79,100,23.02,shower snow
424,Nioro,GM,13.35,-15.75,70.59,30,74,8.7,broken clouds
425,Shache,CN,38.4167,77.2406,35.64,30,13,5.64,few clouds
426,Ciudad Bolivar,VE,8.1222,-63.5497,73.58,75,83,11.1,broken clouds
427,Magugu,TZ,-4.0167,35.7667,69.17,85,100,2.1,overcast clouds
428,Elat,IL,29.5581,34.9482,46.24,61,0,5.75,clear sky
429,Peyima,SL,8.7,-11.0333,63.84,93,59,1.48,broken clouds
430,Taltal,CL,-25.4,-70.4833,64.0,82,6,2.46,clear sky
431,Tombouctou,ML,20.0,-3.0,64.6,16,67,11.14,broken clouds
432,Reconquista,AR,-29.15,-59.65,66.43,47,0,5.39,clear sky
433,Carbonia,IT,39.1672,8.5222,45.99,89,6,6.2,clear sky
434,Araouane,ML,18.9048,-3.5265,66.33,14,52,13.38,broken clouds
435,Usak,TR,38.5,29.4167,23.76,77,28,4.81,scattered clouds
436,Nador,MA,35.174,-2.9287,55.65,76,0,4.61,clear sky
437,Aktash,RU,50.3,87.7333,5.4,68,25,4.34,scattered clouds
438,Kehtna,EE,58.9303,24.8781,33.55,99,100,9.26,snow
439,Cururupu,BR,-1.8283,-44.8683,72.18,98,100,2.62,light rain
440,Bara,NG,10.3744,10.7288,57.47,23,53,9.95,broken clouds
441,Bouca,CF,6.5105,18.2733,66.07,29,49,4.88,scattered clouds
442,Sao Gabriel Da Cachoeira,BR,-0.1303,-67.0892,72.66,95,100,1.66,overcast clouds
443,Omboue,GA,-1.5746,9.2618,78.06,88,100,3.13,overcast clouds
444,Kholm-Zhirkovskiy,RU,55.5189,33.4731,22.91,94,100,17.38,snow
445,Acarau,BR,-2.8856,-40.12,75.76,86,99,7.16,overcast clouds
446,Kibondo,TZ,-3.5864,30.7203,61.92,95,97,2.15,light rain
447,Aksu,CN,41.1231,80.2644,32.9,35,65,2.95,broken clouds
448,Maniitsoq,GL,65.4167,-52.9,9.57,81,100,27.51,light snow
449,Soavinandriana,MG,-19.1667,46.7333,70.14,70,38,0.85,scattered clouds
450,Fairhope,US,30.523,-87.9033,39.67,83,0,0.0,clear sky
451,Asheboro,US,35.7079,-79.8136,20.41,53,0,0.0,clear sky
452,Alindao,CF,5.0267,21.2088,70.25,29,33,5.41,scattered clouds
453,Maceio,BR,-9.6658,-35.7353,76.44,88,75,2.3,broken clouds
454,Zhiletovo,RU,54.6922,36.0223,24.78,90,100,13.51,light snow
455,Koulikoro,ML,14.0,-7.75,64.71,18,19,9.55,few clouds
456,Saint-Alexandre,FR,44.2278,4.6214,44.29,78,3,15.73,clear sky
457,Pervomayskoye,RU,43.919,46.7102,34.95,77,91,4.5,overcast clouds
458,Malm,NO,64.0721,11.2172,37.8,77,99,24.96,light rain
459,Molina,CL,-35.1167,-71.2833,56.08,92,0,2.51,clear sky
460,Mahon,ES,39.8885,4.2658,43.36,100,0,6.91,clear sky
461,Necochea,AR,-38.5473,-58.7368,72.03,59,30,15.86,light rain
462,Sao Lourenco,BR,-22.1164,-45.0544,66.38,98,100,2.28,overcast clouds
463,Monte Alegre,BR,-2.0078,-54.0692,71.94,98,100,4.14,overcast clouds
464,Kaminskiy,RU,57.1516,41.4732,7.12,99,89,6.17,light snow
465,Road Town,VG,18.4167,-64.6167,73.99,67,0,8.5,clear sky
466,Presidencia Roque Saenz Pena,AR,-26.7852,-60.4388,67.6,44,0,4.74,clear sky
467,Estelle,US,29.8458,-90.1067,44.01,71,0,0.0,clear sky
468,Dabakala,CI,8.3667,-4.4333,70.25,24,55,5.68,broken clouds
469,Macedo De Cavaleiros,PT,41.5382,-6.9611,35.78,51,2,3.69,clear sky
470,Kiruna,SE,67.8557,20.2251,-3.08,84,96,3.44,overcast clouds
471,Santiago De Cuba,CU,20.0247,-75.8219,71.22,83,20,16.11,few clouds
472,Fatehpur,IN,25.9333,80.8,68.31,37,0,10.92,clear sky
473,Sensuntepeque,SV,13.8667,-88.6333,71.94,71,57,5.17,broken clouds
474,Port-Cartier,CA,50.0334,-66.8654,9.75,94,100,17.07,snow
475,Constantine,DZ,36.365,6.6147,29.61,86,0,1.14,clear sky
476,Cabrobo,BR,-8.5142,-39.31,71.44,84,100,2.01,overcast clouds
477,Paime,CO,5.3708,-74.1528,61.81,94,99,3.69,overcast clouds
478,Moose Factory,CA,51.2585,-80.6094,-7.6,84,100,5.75,overcast clouds
479,Abha,SA,18.2164,42.5053,58.82,51,0,16.11,clear sky
480,Nantucket,US,41.2835,-70.0995,16.14,85,100,29.82,overcast clouds
481,Navahrudak,BY,53.6,25.8333,32.45,96,100,20.65,overcast clouds
482,Tiznit,MA,29.5833,-9.5,55.35,30,1,21.07,clear sky
483,Sanary-Sur-Mer,FR,43.1178,5.8001,40.95,51,0,6.98,clear sky
484,Revda,RU,56.801,59.9303,-8.59,91,100,1.23,overcast clouds
485,Camapua,BR,-19.5314,-54.0439,69.75,99,95,4.97,overcast clouds
486,Jumla,NP,29.2747,82.1838,52.9,19,0,4.63,clear sky
487,Kasangulu,CD,-4.5911,15.1708,74.34,91,98,2.73,overcast clouds
488,Kudahuvadhoo,MV,2.6708,72.8944,81.55,74,68,10.0,broken clouds
489,Ayorou,NE,14.7308,0.9174,63.34,16,2,11.23,clear sky
490,Muana,BR,-1.5283,-49.2167,72.43,95,100,2.17,overcast clouds
491,Santo Andre,BR,-23.6639,-46.5383,67.12,96,100,2.3,light rain
492,Tessalit,ML,20.1986,1.0114,61.88,17,20,11.23,few clouds
493,Breytovo,RU,58.2993,37.8617,12.83,96,100,10.0,overcast clouds
494,Riyadh,SA,24.6877,46.7219,51.85,50,0,10.36,clear sky
495,Bentiu,SS,9.2333,29.8333,71.64,15,20,7.78,few clouds
496,Nikel,RU,69.4128,30.222,1.58,100,96,2.28,overcast clouds
497,Pangoa,PE,-12.1167,-73.0,67.32,99,97,1.9,light rain
498,Thinadhoo,MV,0.5333,72.9333,81.91,69,59,5.32,broken clouds
499,Middelburg,ZA,-25.7751,29.4648,64.58,76,99,7.94,overcast clouds
500,Pitimbu,BR,-7.4706,-34.8086,75.79,81,94,7.99,overcast clouds
501,Maniwaki,CA,46.3834,-75.966,-7.06,77,31,1.14,scattered clouds
502,Ventspils,LV,57.3894,21.5606,37.33,93,100,20.71,overcast clouds
503,Bondo,CD,3.8146,23.6866,68.61,30,7,5.08,clear sky
504,Paamiut,GL,61.994,-49.6678,10.24,69,100,5.97,overcast clouds
505,Zelenogorskiy,RU,55.0333,87.0,3.72,82,25,1.9,scattered clouds
506,Fort-De-France,MQ,14.6089,-61.0733,71.76,88,0,4.61,clear sky
507,Salta,AR,-24.7859,-65.4117,65.57,88,40,1.99,scattered clouds
508,Narowal,PK,32.1,74.8833,58.98,52,14,5.08,few clouds
509,Santa Maria,BR,-29.6842,-53.8069,61.29,86,0,5.86,clear sky
510,Vetlanda,SE,57.4289,15.0776,35.62,90,85,21.56,light snow
511,Dawlatabad,AF,36.4141,64.9053,44.56,67,100,5.1,overcast clouds
512,Tomar Do Geru,BR,-11.3733,-37.8406,73.08,70,100,4.94,overcast clouds
513,Teguise,ES,29.0605,-13.564,62.82,68,0,11.5,haze
514,Bandarbeyla,SO,9.4942,50.8122,77.29,65,100,17.38,overcast clouds
515,Concordia,AR,-31.393,-58.0209,68.79,71,0,5.99,clear sky
516,Brae,GB,60.3964,-1.353,37.31,62,75,16.08,broken clouds
517,Zhovkva,UA,50.0583,23.9726,36.61,81,99,22.3,overcast clouds
518,Yellandu,IN,17.6,80.3333,81.27,16,44,4.68,scattered clouds
519,Mont-De-Marsan,FR,44.0,-0.6667,36.81,97,100,0.0,mist
520,Palora,EC,-1.7,-77.9333,68.09,97,100,0.89,light rain
521,Urucara,BR,-2.5364,-57.76,72.32,100,100,1.41,heavy intensity rain
522,Beyneu,KZ,45.3167,55.2,31.06,82,100,9.31,overcast clouds
523,Najran,SA,17.4924,44.1277,59.65,47,21,1.25,few clouds
524,Keetmanshoop,NA,-26.5833,18.1333,81.79,36,100,10.85,overcast clouds
525,Almaty,KZ,43.25,76.95,28.31,93,100,4.47,mist
526,Beira,MZ,-19.8436,34.8389,84.29,65,40,6.91,scattered clouds
527,Paita,PE,-5.0892,-81.1144,71.47,79,78,10.83,broken clouds
528,Nizhniy Baskunchak,RU,48.2198,46.8311,32.83,92,100,20.69,overcast clouds
529,Bivolari,RO,47.5333,27.4333,33.21,78,100,6.26,overcast clouds
530,Onega,RU,63.9061,38.1404,12.85,93,100,9.8,overcast clouds
531,Visby,SE,57.6409,18.296,34.02,93,100,35.68,snow
532,Gayeri,BF,12.6497,0.4931,65.59,17,4,11.5,clear sky
533,Birecik,TR,37.0294,37.9903,36.61,86,100,6.78,overcast clouds
534,Lakkion,GR,37.1333,26.85,51.3,75,99,22.7,overcast clouds
535,Mumford,GH,5.2618,-0.759,75.94,93,44,4.36,scattered clouds
536,Msanga,TZ,-6.05,36.0333,69.22,88,100,1.01,overcast clouds
537,Pemba,MZ,-12.974,40.5178,77.04,83,54,3.94,light rain
538,Arraias,BR,-12.9288,-46.9437,66.4,95,100,1.66,overcast clouds
539,Masuguru,TZ,-11.3667,38.4167,75.94,84,72,1.23,broken clouds
540,Sechura,PE,-5.5569,-80.8222,72.34,76,93,11.9,overcast clouds
541,Dimitrovgrad,RU,54.2139,49.6184,15.85,96,99,5.7,light snow
542,Mtwara,TZ,-10.2667,40.1833,77.29,85,94,3.18,light rain
543,Pathardi,IN,19.1667,75.1833,77.5,20,20,0.78,few clouds
544,Miranda,CO,3.2499,-76.2281,68.13,92,99,2.71,overcast clouds
545,Coari,BR,-4.085,-63.1414,72.41,99,100,2.73,moderate rain
546,Lerwick,GB,60.1545,-1.1494,37.4,62,45,16.35,scattered clouds
547,Guanica,PR,17.9716,-66.908,73.6,87,1,1.01,clear sky
548,Kangaatsiaq,GL,68.3065,-53.4641,6.12,90,100,19.26,snow
549,Meridian,US,43.6121,-116.3915,21.7,88,0,3.0,mist
550,Sao Felix Do Xingu,BR,-6.6447,-51.995,69.3,98,100,1.16,overcast clouds
551,Timra,SE,62.487,17.3257,24.51,80,100,20.71,overcast clouds
552,Kirovskiy,RU,45.0917,133.5136,11.39,83,100,10.29,overcast clouds
553,Gualaquiza,EC,-3.4,-78.55,62.53,96,100,1.74,overcast clouds
554,Penarroya-Pueblonuevo,ES,38.3,-5.2667,43.45,28,1,3.8,clear sky
555,Hashtrud,IR,37.4779,47.0508,15.76,93,92,1.25,overcast clouds
556,Camacha,PT,33.0833,-16.3333,58.42,88,20,10.36,few clouds
557,Kisanga,TZ,-7.4362,37.7034,77.83,83,97,0.65,overcast clouds
558,Puerto Narino,CO,-3.7703,-70.3831,75.15,81,92,2.24,overcast clouds
559,Shamary,RU,57.3434,58.2199,10.76,89,100,2.71,overcast clouds
560,Polovinnoye,RU,54.7914,65.9864,8.15,93,100,6.33,overcast clouds
561,Buchanan,LR,5.8808,-10.0467,75.16,89,30,4.83,scattered clouds
562,Plouzane,FR,48.3833,-4.6167,48.38,100,75,4.61,broken clouds
563,Gimbi,ET,9.1667,35.8333,65.75,38,97,2.35,overcast clouds
564,Kutum,SD,14.2,24.6667,50.23,25,12,5.44,few clouds
565,Impfondo,CG,1.6381,18.0667,69.6,41,50,3.27,scattered clouds
566,Prieska,ZA,-29.6641,22.7474,81.25,39,73,10.83,broken clouds
567,Mitsamiouli,KM,-11.3847,43.2844,84.49,65,20,4.61,few clouds
568,Sambava,MG,-14.2667,50.1667,81.63,65,82,5.21,broken clouds
569,Upington,ZA,-28.4478,21.2561,75.58,57,0,4.61,clear sky
570,Irpa Irpa,BO,-17.7167,-66.2667,57.2,80,94,5.41,overcast clouds
571,Ust-Tsilma,RU,65.441,52.1498,12.36,94,95,5.68,overcast clouds
572,Porto Novo,BJ,6.4965,2.6036,75.02,31,66,4.34,broken clouds
573,Clarence Town,AU,-32.5833,151.7833,86.27,53,69,10.09,broken clouds
574,Garowe,SO,8.4054,48.4845,72.73,49,43,17.22,scattered clouds
575,Disna,BY,55.568,28.1971,34.16,99,100,15.37,light snow
576,Lipovat,RO,46.5667,27.7,31.82,66,100,8.7,overcast clouds
577,Alta Floresta,BR,-9.8756,-56.0861,68.97,99,100,3.15,light rain
578,Bosaso,SO,11.2842,49.1816,78.78,65,20,14.97,few clouds
579,Kilindoni,TZ,-7.9139,39.6668,79.38,80,100,8.95,light rain
580,Senanga,ZM,-16.1167,23.2667,64.51,96,100,7.65,light rain
581,Gubkinskiy,RU,64.434,76.5026,-1.95,96,98,8.1,overcast clouds
582,Muzaffarpur,IN,26.1167,85.4,62.53,47,0,6.78,clear sky
583,Pitanga,BR,-24.7572,-51.7614,60.75,98,96,6.67,overcast clouds
584,Saryozek,KZ,44.3583,77.9753,28.2,73,100,1.5,overcast clouds
585,Maragogi,BR,-9.0122,-35.2225,76.93,83,91,6.4,overcast clouds
586,Cockburn Town,TC,21.4612,-71.1419,77.27,71,4,10.16,clear sky
587,Ilhabela,BR,-23.7781,-45.3581,73.53,95,100,3.11,overcast clouds
588,Safaga,EG,26.7292,33.9365,57.09,46,1,4.99,clear sky
589,Ordynskoye,RU,54.3656,81.8994,11.89,80,75,8.66,broken clouds
590,Havoysund,NO,70.9963,24.6622,27.48,60,96,16.89,overcast clouds
591,Manicore,BR,-5.8092,-61.3003,70.95,100,100,3.04,overcast clouds
592,Ulagan,RU,50.6321,87.9563,11.41,73,45,0.74,scattered clouds
593,Arys,KZ,42.4252,68.795,32.22,59,9,8.16,clear sky
594,Rajshahi,BD,24.3667,88.6,69.51,38,0,7.27,clear sky
595,Rambha,IN,19.5167,85.1,75.96,31,1,1.72,clear sky
596,Montauban,FR,44.0833,1.5,35.11,94,5,2.51,clear sky
597,Saint-Joseph,RE,-21.3667,55.6167,84.58,71,35,11.74,scattered clouds
598,Nkhata Bay,MW,-11.6066,34.2907,75.22,76,91,0.67,overcast clouds
599,Koluszki,PL,51.7387,19.8199,37.89,84,90,29.64,overcast clouds
600,Hochdorf,CH,47.1667,8.2833,42.76,77,100,3.44,overcast clouds
601,Polunochnoye,RU,60.8697,60.4153,2.59,97,100,3.4,overcast clouds
602,Sainte-Maxime,FR,43.3,6.6333,45.54,92,1,6.08,clear sky
603,Puerto Leguizamo,CO,-0.1934,-74.7819,72.77,73,89,1.07,overcast clouds
604,Vibo Valentia,IT,38.6996,16.1274,47.14,63,7,3.4,clear sky
605,Nikolskoye,RU,59.7035,30.7861,28.87,93,100,14.47,snow
606,Kolosovka,RU,56.4678,73.611,8.15,86,100,10.65,overcast clouds
607,Nordfjordeid,NO,61.9063,5.9915,37.35,94,100,9.69,overcast clouds
608,Huarmey,PE,-10.0681,-78.1522,70.0,87,84,7.09,broken clouds
609,Lamu,KE,-2.2717,40.902,82.62,74,76,13.6,broken clouds
610,Rundu,NA,-17.9333,19.7667,68.31,89,99,7.67,light rain
611,Lipari,IT,38.4674,14.954,51.78,56,5,11.86,clear sky
612,Praia Da Vitoria,PT,38.7333,-27.0667,57.45,82,75,15.46,broken clouds
613,Borsele,NL,51.4419,3.8113,44.6,86,75,10.36,broken clouds
614,Andenes,NO,69.3143,16.1194,21.18,73,0,6.91,clear sky
615,Destin,US,30.3935,-86.4958,39.96,67,0,0.0,clear sky
616,Canico,PT,32.6333,-16.85,61.88,83,40,1.01,scattered clouds
617,Skegness,GB,53.1436,0.3363,38.17,81,33,9.1,scattered clouds
618,Masallatah,LY,32.6167,14.0,50.59,59,60,21.92,broken clouds
619,Dodola,ET,6.9833,39.1833,58.6,24,49,4.68,scattered clouds
620,Tazmalt,DZ,36.3868,4.3989,40.3,85,0,1.9,clear sky
621,Calderitas,MX,18.55,-88.25,64.49,76,53,11.77,broken clouds
622,Biltine,TD,14.5333,20.9167,57.33,22,3,8.48,clear sky
623,Marovoay,MG,-16.1,46.6333,87.94,68,15,1.72,few clouds
624,Allada,BJ,6.6655,2.1514,74.16,34,41,5.06,scattered clouds
625,Mandera,KE,3.9366,41.867,79.65,42,19,8.97,few clouds
626,Bella Union,UY,-30.2752,-57.6007,65.17,53,0,8.05,clear sky
627,Shumikha,RU,55.2261,63.2961,8.82,89,100,2.57,overcast clouds
628,Roald,NO,62.5833,6.1333,37.45,80,75,17.27,broken clouds
629,Puyo,EC,-1.4667,-77.9833,66.9,97,100,1.95,light rain
630,Ishim,RU,56.1128,69.4902,5.99,90,100,6.06,overcast clouds
631,Tondon,GN,10.3667,-13.35,69.15,73,56,2.06,broken clouds
632,Itacare,BR,-14.2775,-38.9967,73.18,89,100,3.53,overcast clouds
633,Kassala,SD,15.451,36.4,67.35,64,6,9.28,clear sky
634,Parry Sound,CA,45.3501,-80.033,4.21,72,86,4.18,overcast clouds
635,Upata,VE,8.0086,-62.3989,71.19,91,79,3.24,broken clouds
636,Kalemie,CD,-5.9475,29.1947,70.83,87,100,3.85,overcast clouds
637,Osvaldo Cruz,BR,-21.7967,-50.8786,68.38,98,94,8.08,heavy intensity rain
638,Gamba,GA,-2.65,10.0,76.24,91,91,1.97,overcast clouds
639,Brandfort,ZA,-28.7001,26.4597,67.41,64,8,14.25,clear sky
640,Pokhara,NP,28.2333,83.9833,59.67,53,3,6.87,clear sky
641,Jadu,LY,31.953,12.0261,39.92,90,62,10.47,broken clouds
642,Santa Cruz,BO,-17.8,-63.1667,72.86,94,20,2.3,few clouds
643,Norden,DE,53.6,7.2,43.0,75,76,33.17,broken clouds
644,Puerto Ayacucho,VE,5.6639,-67.6236,72.54,51,92,6.11,overcast clouds
645,Menongue,AO,-14.6585,17.691,60.04,97,100,10.25,moderate rain
646,Warmbad,NA,-28.45,18.7333,85.3,32,96,10.47,overcast clouds
647,Kannur,IN,11.8675,75.3576,87.76,49,6,4.38,clear sky
648,Sjovegan,NO,68.8726,17.8474,19.63,83,100,4.83,overcast clouds
649,Petukhovo,RU,55.0692,67.9019,6.21,94,100,6.42,overcast clouds
650,Bafq,IR,31.6128,55.4107,47.53,25,5,7.31,clear sky
651,Kapuskasing,CA,49.4169,-82.4331,5.09,92,100,4.61,overcast clouds
652,Nerja,ES,36.7585,-3.8873,57.49,33,0,1.99,clear sky
653,Mezen,RU,65.8522,44.24,11.71,93,100,10.0,overcast clouds
654,Saginaw,US,43.3334,-84.0333,16.39,74,100,6.73,overcast clouds
655,Wamba,NG,8.9333,8.6,64.18,19,52,3.74,broken clouds
656,Devarkonda,IN,16.7,78.9333,78.73,21,79,4.92,broken clouds
657,Quimper,FR,48.0,-4.1,48.88,100,75,3.44,fog
658,Uaua,BR,-9.8414,-39.4817,71.62,75,100,2.75,overcast clouds
659,Liverpool,GB,53.4106,-2.9779,42.67,84,75,3.44,broken clouds
660,Togur,RU,58.3631,82.8265,6.42,92,100,5.93,overcast clouds
661,Pospelikha,RU,51.95,81.7667,20.88,85,95,13.33,overcast clouds
662,Traverse City,US,44.7631,-85.6206,21.4,83,100,4.61,overcast clouds
663,Biu,NG,10.6129,12.1946,56.35,35,98,8.19,overcast clouds
664,Mul,IN,20.0667,79.6667,78.67,17,2,3.74,clear sky
665,Wellington,NZ,-41.2866,174.7756,71.76,80,40,4.0,scattered clouds
666,Zaysan,KZ,47.4667,84.8667,6.84,86,99,3.2,overcast clouds
667,Werda,BW,-25.2667,23.2833,71.62,73,96,15.57,overcast clouds
668,Kostomuksha,RU,64.571,30.5767,18.82,93,100,6.55,overcast clouds
669,Moultrie,US,31.1799,-83.7891,30.81,69,0,3.44,clear sky
670,Sandy Bay,AU,-42.913,147.3532,80.06,57,20,1.01,few clouds
671,Canutama,BR,-6.5339,-64.3831,72.07,99,100,1.52,light rain
672,Chemal,RU,51.4111,86.005,21.31,74,56,6.15,broken clouds
